fund_name,amfi_code,te_vs_nifty100_pct,ann_return_3yr
ICICI Pru Midcap Fund - Regula,120505,23.266121743560642,28.432818044063414
Axis Midcap Fund - Regular - G,119094,23.97742291060837,30.922002330663396
HDFC Mid-Cap Opportunities Fun,100033,22.49762864379556,28.77519791621616
Mirae Asset Large Cap Fund - R,148567,18.797377271500345,29.21731459266319
Kotak Flexicap Fund - Regular ,120843,20.653967537989153,26.252292932890352
